name,First-order Sobol indices,Total-order Sobol indices  
phi,0.496799,0.535779  
Q,0.227521,0.232985  
f_single_phase,0.099812,0.108447  
beta,0.017348,0.081716  
T1_prime,0.048691,0.059770  
h_single_phase,0.008806,0.059172  
eta_is,0.005999,0.011700  
h_condensation,0.000221,0.006538  
gamma,0.000149,0.006422  
f_condensation,0.000067,0.005909  
f_evaporation,0.000048,0.005800  
T4_prime,0.000407,0.005447  
h_evaporation,0.000104,0.003881  
