name,First-order Sobol indices,Total-order Sobol indices  
Q,0.419534,0.419534  
phi,0.358380,0.358380  
f_single_phase,0.146040,0.146040  
eta_is,0.026120,0.026120  
h_condensation,0.017171,0.017171  
h_single_phase,0.009441,0.009441  
T4_prime,0.009423,0.009423  
beta,0.006239,0.006239  
T1_prime,0.004199,0.004199  
f_condensation,0.003199,0.003199  
gamma,0.000208,0.000208  
h_evaporation,0.000045,0.000045  
f_evaporation,0.000001,0.000001  
