name,First-order Sobol indices,Total-order Sobol indices  
phi,0.671779,0.671779  
T1_prime,0.095405,0.095405  
beta,0.093457,0.093457  
f_evaporation,0.057074,0.057074  
h_single_phase,0.019122,0.019122  
f_condensation,0.016240,0.016240  
Q,0.015090,0.015090  
h_condensation,0.012472,0.012472  
eta_is,0.008132,0.008132  
T4_prime,0.005159,0.005159  
f_single_phase,0.003477,0.003477  
gamma,0.001938,0.001938  
h_evaporation,0.000655,0.000655  
