name,First-order Sobol indices,Total-order Sobol indices  
phi,0.472088,0.517023  
Q,0.164378,0.184327  
beta,0.063329,0.174682  
h_evaporation,0.022954,0.094745  
f_single_phase,0.045128,0.076866  
T1_prime,0.001806,0.050956  
T4_prime,0.025595,0.048067  
h_single_phase,0.001330,0.031097  
eta_is,0.003593,0.021535  
h_condensation,0.000400,0.020442  
f_evaporation,0.000091,0.017084  
f_condensation,0.000484,0.016934  
gamma,0.000507,0.015229  
