name,First-order Sobol indices,Total-order Sobol indices  
phi,0.712960,0.712960  
T1_prime,0.088226,0.088226  
Q,0.084816,0.084816  
f_single_phase,0.035027,0.035027  
f_evaporation,0.026999,0.026999  
beta,0.025440,0.025440  
h_single_phase,0.009323,0.009323  
f_condensation,0.007833,0.007833  
h_condensation,0.004638,0.004638  
T4_prime,0.003692,0.003692  
h_evaporation,0.000645,0.000645  
gamma,0.000295,0.000295  
eta_is,0.000105,0.000105  
