name,First-order Sobol indices,Total-order Sobol indices  
beta,0.315390,0.436307  
phi,0.200365,0.248215  
h_evaporation,0.105941,0.199533  
Q,0.071640,0.093816  
T1_prime,0.005297,0.056228  
f_single_phase,0.008617,0.047711  
h_single_phase,0.016203,0.042981  
eta_is,0.003131,0.029953  
gamma,0.000255,0.025511  
T4_prime,0.007947,0.023302  
f_evaporation,0.005404,0.021794  
h_condensation,0.000228,0.020015  
f_condensation,0.000266,0.013951  
